model,vocative_accuracy
baseline,0.5180348258706468
ML,0.7058457711442786
ML_SA,0.5814676616915423
